<employeeList>
  <employee id="2">Nelson Robert</employee>
  <employee id="4">Young Bruce</employee>
  <employee id="5">Lambert Kim</employee>
  <employee id="8">Johnson Leslie</employee>
  <employee id="9">Forest Phil</employee>
  <employee id="11">Weston K. J.</employee>
  <employee id="12">Lee Terri</employee>
  <employee id="14">Hall Stewart</employee>
  <employee id="15">Young Katherine</employee>
  <employee id="20">Papadopoulos Chris</employee>
  <employee id="24">Fisher Pete</employee>
  <employee id="28">Bennet Ann</employee>
  <employee id="29">De Souza Roger</employee>
  <employee id="34">Baldwin Janet</employee>
  <employee id="36">Reeves Roger</employee>
  <employee id="37">Stansbury Willie</employee>
  <employee id="44">Phong Leslie</employee>
  <employee id="45">Ramanathan Ashok</employee>
  <employee id="46">Steadman Walter</employee>
  <employee id="52">Nordstrom Carol</employee>
  <employee id="61">Leung Luke</employee>
  <employee id="65">O'Brien Sue Anne</employee>
  <employee id="71">Burbank Jennifer M.</employee>
  <employee id="72">Sutherland Claudia</employee>
  <employee id="83">Bishop Dana</employee>
  <employee id="85">MacDonald Mary S.</employee>
  <employee id="94">Williams Randy</employee>
  <employee id="105">Bender Oliver H.</employee>
  <employee id="107">Cook Kevin</employee>
  <employee id="109">Brown Kelly</employee>
  <employee id="110">Ichida Yuki</employee>
  <employee id="113">Page Mary</employee>
  <employee id="114">Parker Bill</employee>
  <employee id="118">Yamamoto Takashi</employee>
  <employee id="121">Ferrari Roberto</employee>
  <employee id="127">Yanowski Michael</employee>
  <employee id="134">Glon Jacques</employee>
  <employee id="136">Johnson Scott</employee>
  <employee id="138">Green T.J.</employee>
  <employee id="141">Osborne Pierre</employee>
  <employee id="144">Montgomery John</employee>
  <employee id="145">Guckenheimer Mark</employee>
</employeeList>
