<!--
********************************************************************
*  WANT - A build management tool.                                 *
*  Copyright (c) 2001 Juancarlo Anez, Caracas, Venezuela.          *
*  All rights reserved.                                            *
*  See http://www.suigeneris.org/want/ for details.                *
*                                                                  *
********************************************************************
-->
<project
  name="want"
  basedir="."
  default="compile">

  <property name="dcu" value="${basedir}/../dcu" />

  <target name="prepare" >
    <mkdir dir="${dcu}" />
  </target>

  <target name="compile" depends="prepare">

    <dcc basedir="ObjsLeft" source="ObjsLeft.dpr">
      <dcuoutput path="${dcu}"/>
      <build     value="true"/>
      <optimize  value="true"/>
    </dcc>
    <dcc basedir="FormPage" source="FormPage.dpr">
      <dcuoutput path="${dcu}"/>
      <build     value="true"/>
      <optimize  value="true"/>
    </dcc>
    <dcc basedir="BackTask" source="BackTask.dpr">
      <dcuoutput path="${dcu}"/>
      <build     value="true"/>
      <optimize  value="true"/>
    </dcc>
    <dcc basedir="OneCopy" source="Onecopy.dpr">
      <dcuoutput path="${dcu}"/>
      <build     value="true"/>
      <optimize  value="true"/>
    </dcc>
    <dcc basedir="ActivApp" source="ActivApp.dpr">
      <dcuoutput path="${dcu}"/>
      <build     value="true"/>
      <optimize  value="true"/>
    </dcc>
    <dcc basedir="Screen2" source="Screen2.dpr">
      <dcuoutput path="${dcu}"/>
      <build     value="true"/>
      <optimize  value="true"/>
    </dcc>
    <dcc basedir="ShowApp" source="ShowApp.dpr">
      <dcuoutput path="${dcu}"/>
      <build     value="true"/>
      <optimize  value="true"/>
    </dcc>
    <dcc basedir="MdiDemo" source="Mdidemo.dpr">
      <dcuoutput path="${dcu}"/>
      <build     value="true"/>
      <optimize  value="true"/>
    </dcc>
    <dcc basedir="MdiMulti" source="MdiMulti.dpr">
      <dcuoutput path="${dcu}"/>
      <build     value="true"/>
      <optimize  value="true"/>
    </dcc>
    <dcc basedir="FormIntf" source="FormIntf.dpr">
      <dcuoutput path="${dcu}"/>
      <build     value="true"/>
      <optimize  value="true"/>
    </dcc>
    <dcc basedir="Screen" source="Screen.dpr">
      <dcuoutput path="${dcu}"/>
      <build     value="true"/>
      <optimize  value="true"/>
    </dcc>
    <dcc basedir="FramePag" source="FramePag.dpr">
      <dcuoutput path="${dcu}"/>
      <build     value="true"/>
      <optimize  value="true"/>
    </dcc>
    <dcc basedir="FrameTab" source="FrameTab.dpr">
      <dcuoutput path="${dcu}"/>
      <build     value="true"/>
      <optimize  value="true"/>
    </dcc>
    <dcc basedir="Frames2" source="Frames2.dpr">
      <dcuoutput path="${dcu}"/>
      <build     value="true"/>
      <optimize  value="true"/>
    </dcc>
    <dcc basedir="PoliForm" source="PoliForm.dpr">
      <dcuoutput path="${dcu}"/>
      <build     value="true"/>
      <optimize  value="true"/>
    </dcc>
    <dcc basedir="Vfi" source="Vfi.dpr">
      <dcuoutput path="${dcu}"/>
      <build     value="true"/>
      <optimize  value="true"/>
    </dcc>
  </target>

</project>
