<!--
********************************************************************
*  WANT - A build management tool.                                 *
*  Copyright (c) 2001 Juancarlo Anez, Caracas, Venezuela.          *
*  All rights reserved.                                            *
*  See http://www.suigeneris.org/want/ for details.                *
*                                                                  *
********************************************************************
-->
<project
  name="want"
  basedir="."
  default="compile">

  <property name="dcu" value="${basedir}/../dcu" />

  <target name="prepare" >
    <mkdir dir="${dcu}" />
  </target>

  <target name="compile" depends="prepare">

    <dcc basedir="DiagramDemo" source="DiagramDemo.dpr">
      <dcuoutput path="${dcu}"/>
      <build     value="true"/>
      <optimize  value="true"/>
    </dcc>

    <dcc basedir="Frames1" source="Frames1.dpr">
      <dcuoutput path="${dcu}"/>
      <build     value="true"/>
      <optimize  value="true"/>
    </dcc>

    <dcc basedir="OiFontPk" source="OiFontPk.dpk">
      <dcuoutput path="${dcu}"/>
      <build     value="true"/>
      <optimize  value="true"/>
    </dcc>

    <dcc basedir="ToDoTest" source="ToDoTest.dpr">
      <dcuoutput path="${dcu}"/>
      <build     value="true"/>
      <optimize  value="true"/>
    </dcc>

  </target>

</project>
