<!--
********************************************************************
*  WANT - A build management tool.                                 *
*  Copyright (c) 2001 Juancarlo Anez, Caracas, Venezuela.          *
*  All rights reserved.                                            *
*  See http://www.suigeneris.org/want/ for details.                *
*                                                                  *
********************************************************************
-->
<project
  name="want"
  basedir="."
  default="compile">

  <property name="dcu" value="${basedir}/../dcu" />

  <target name="prepare" >
    <mkdir dir="${dcu}" />
  </target>

  <target name="compile" depends="prepare">

    <dcc basedir="MyBase1" source="MyBase1.dpr">
      <dcuoutput path="${dcu}"/>
      <build     value="true"/>
      <optimize  value="true"/>
    </dcc>
    <dcc basedir="MyBase2" source="MyBase2.dpr">
      <dcuoutput path="${dcu}"/>
      <build     value="true"/>
      <optimize  value="true"/>
    </dcc>
    <dcc basedir="DbAware" source="DbAware.dpr">
      <dcuoutput path="${dcu}"/>
      <build     value="true"/>
      <optimize  value="true"/>
    </dcc>
    <dcc basedir="CustLookup" source="CustLookup.dpr">
      <dcuoutput path="${dcu}"/>
      <build     value="true"/>
      <optimize  value="true"/>
    </dcc>
    <dcc basedir="FieldAcc" source="FieldAcc.dpr">
      <dcuoutput path="${dcu}"/>
      <build     value="true"/>
      <optimize  value="true"/>
    </dcc>
    <dcc basedir="Calc" source="Calc.dpr">
      <dcuoutput path="${dcu}"/>
      <build     value="true"/>
      <optimize  value="true"/>
    </dcc>
    <dcc basedir="FieldLookup" source="FieldLookup.dpr">
      <dcuoutput path="${dcu}"/>
      <build     value="true"/>
      <optimize  value="true"/>
    </dcc>
    <dcc basedir="NullDates" source="NullDates.dpr">
      <dcuoutput path="${dcu}"/>
      <build     value="true"/>
      <optimize  value="true"/>
    </dcc>
    <dcc basedir="Total" source="Total.dpr">
      <dcuoutput path="${dcu}"/>
      <build     value="true"/>
      <optimize  value="true"/>
    </dcc>
    <dcc basedir="DrawData" source="DrawData.dpr">
      <dcuoutput path="${dcu}"/>
      <build     value="true"/>
      <optimize  value="true"/>
    </dcc>
    <dcc basedir="MltGrid" source="mltgrid.dpr">
      <dcuoutput path="${dcu}"/>
      <build     value="true"/>
      <optimize  value="true"/>
    </dcc>
    <dcc basedir="DragToGrid" source="DragToGrid.dpr">
      <dcuoutput path="${dcu}"/>
      <build     value="true"/>
      <optimize  value="true"/>
    </dcc>
    <dcc basedir="NonAware" source="NonAware.dpr">
      <dcuoutput path="${dcu}"/>
      <build     value="true"/>
      <optimize  value="true"/>
    </dcc>
    <dcc basedir="SendToDb" source="SendToDb.dpr">
      <dcuoutput path="${dcu}"/>
      <build     value="true"/>
      <optimize  value="true"/>
    </dcc>
    <dcc basedir="FldText" source="FldText.dpr">
      <dcuoutput path="${dcu}"/>
      <build     value="true"/>
      <optimize  value="true"/>
    </dcc>
    <dcc basedir="AdtDemo" source="AdtDemo.dpr">
      <dcuoutput path="${dcu}"/>
      <build     value="true"/>
      <optimize  value="true"/>
    </dcc>
    <dcc basedir="CdsCalcs" source="CdsCalcs.dpr">
      <dcuoutput path="${dcu}"/>
      <build     value="true"/>
      <optimize  value="true"/>
    </dcc>
    <dcc basedir="MastDet" source="MastDet.dpr">
      <dcuoutput path="${dcu}"/>
      <build     value="true"/>
      <optimize  value="true"/>
    </dcc>
    <dcc basedir="DbError" source="DbError.dpr">
      <dcuoutput path="${dcu}"/>
      <build     value="true"/>
      <optimize  value="true"/>
    </dcc>
  </target>

</project>
